{
  "triste": {
    "precision": 1.0,
    "recall": 0.8571428571428571,
    "f1-score": 0.923076923076923,
    "support": 7
  },
  "feliz": {
    "precision": 1.0,
    "recall": 0.9090909090909091,
    "f1-score": 0.9523809523809523,
    "support": 11
  },
  "micro avg": {
    "precision": 1.0,
    "recall": 0.8888888888888888,
    "f1-score": 0.9411764705882353,
    "support": 18
  },
  "macro avg": {
    "precision": 1.0,
    "recall": 0.8831168831168831,
    "f1-score": 0.9377289377289377,
    "support": 18
  },
  "weighted avg": {
    "precision": 1.0,
    "recall": 0.8888888888888888,
    "f1-score": 0.940984940984941,
    "support": 18
  }
}